<?xml version="1.0" encoding="UTF-8"?>
<stats>
	<difficulty level="weak">
		<strength>3</strength>
		<dexterity>3</dexterity>
		<stamina>5</stamina>
		<wrath>1</wrath>
	</difficulty>
	<difficulty level="medium">
		<strength>5</strength>
		<dexterity>5</dexterity>
		<stamina>7</stamina>
		<wrath>3</wrath>
	</difficulty>
	<difficulty level="strong">
		<strength>10</strength>
		<dexterity>8</dexterity>
		<stamina>10</stamina>
		<wrath>5</wrath>
	</difficulty>
	<difficulty level="dangerous">
		<strength>15</strength>
		<dexterity>12</dexterity>
		<stamina>15</stamina>
		<wrath>7</wrath>
	</difficulty>
	<difficulty level="deadly">
		<strength>25</strength>
		<dexterity>25</dexterity>
		<stamina>25</stamina>
		<wrath>15</wrath>
	</difficulty>
</stats>