<?xml version="1.0" encoding="UTF-8"?>
<weapons>
	<weapon name = "Long Sword">
		<mindamage>2</mindamage>
		<maxdamage>4</maxdamage>
		<strength>3</strength>
		<dexterity>0</dexterity>		
		<stamina>0</stamina>
		<wrath>0</wrath>
		<twohanded>no</twohanded>
		<type>sword</type>
		<level>1</level>
	</weapon>
	<weapon name = "Gryphon Sword">
		<mindamage>4</mindamage>
		<maxdamage>12</maxdamage>
		<strength>7</strength>
		<dexterity>0</dexterity>		
		<stamina>0</stamina>
		<wrath>2</wrath>
		<twohanded>no</twohanded>
		<type>sword</type>
		<level>2</level>
	</weapon>
	<weapon name = "Ancients Sword">
		<mindamage>10</mindamage>
		<maxdamage>30</maxdamage>
		<strength>10</strength>
		<dexterity>1</dexterity>		
		<stamina>1</stamina>
		<wrath>3</wrath>
		<twohanded>no</twohanded>
		<type>sword</type>
		<level>3</level>
	</weapon>

	<weapon name = "Shield Of Courage">
		<armor>10</armor>
		<strength>0</strength>
		<dexterity>0</dexterity>		
		<stamina>2</stamina>
		<wrath>0</wrath>
		<twohanded>no</twohanded>
		<type>shield</type>
		<level>1</level>
	</weapon>
	<weapon name = "Shield Of Gryphon">
		<armor>30</armor>
		<strength>1</strength>
		<dexterity>0</dexterity>		
		<stamina>4</stamina>
		<wrath>0</wrath>
		<twohanded>no</twohanded>
		<type>shield</type>
		<level>2</level>
	</weapon>
	<weapon name = "Ancients Shield">
		<armor>50</armor>
		<strength>2</strength>
		<dexterity>2</dexterity>		
		<stamina>5</stamina>
		<wrath>1</wrath>
		<twohanded>no</twohanded>
		<type>shield</type>
		<level>3</level>
	</weapon>
	
	<weapon name = "Hunter Axe">
		<mindamage>1</mindamage>
		<maxdamage>6</maxdamage>
		<strength>4</strength>
		<dexterity>0</dexterity>		
		<stamina>0</stamina>
		<wrath>1</wrath>
		<twohanded>yes</twohanded>
		<type>axe</type>
		<level>1</level>
	</weapon>
	<weapon name = "Heavy Axe">
		<mindamage>5</mindamage>
		<maxdamage>17</maxdamage>
		<strength>10</strength>
		<dexterity>0</dexterity>		
		<stamina>0</stamina>
		<wrath>3</wrath>
		<twohanded>yes</twohanded>
		<type>axe</type>
		<level>2</level>
	</weapon>
	<weapon name = "Barbarian Battle Axe">
		<mindamage>15</mindamage>
		<maxdamage>40</maxdamage>
		<strength>15</strength>
		<dexterity>1</dexterity>		
		<stamina>1</stamina>
		<wrath>7</wrath>
		<twohanded>yes</twohanded>
		<type>axe</type>
		<level>3</level>
	</weapon>

	<weapon name = "Northern Wind Blade">
		<mindamage>1</mindamage>
		<maxdamage>4</maxdamage>
		<strength>1</strength>
		<dexterity>0</dexterity>		
		<stamina>0</stamina>
		<wrath>0</wrath>
		<twohanded>no</twohanded>
		<type>blade</type>
		<level>1</level>
	</weapon>
	<weapon name = "Blade Of The Jaguar">
		<mindamage>3</mindamage>
		<maxdamage>8</maxdamage>
		<strength>3</strength>
		<dexterity>2</dexterity>		
		<stamina>0</stamina>
		<wrath>1</wrath>
		<twohanded>no</twohanded>
		<type>blade</type>
		<level>2</level>
	</weapon>
	<weapon name = "Scorpion Blade">
		<mindamage>7</mindamage>
		<maxdamage>16</maxdamage>
		<strength>5</strength>
		<dexterity>5</dexterity>		
		<stamina>1</stamina>
		<wrath>1</wrath>
		<twohanded>no</twohanded>
		<type>blade</type>
		<level>3</level>
	</weapon>
</weapons>